term,replacement
( hypo)-manic,(_hypo)-manic
( hypo-)mania,(_hypo-)mania
accept,accept
acceptance,acceptance
access to service,access_to_service
active,active
active process,active_process
activity,activity
ambition,ambition
ambivalence,ambivalence
ambivalent,ambivalent
appreciate,appreciate
ashame,ashame
aspiration,aspiration
atheist,atheist
attentive,attentive
aunt,aunt
autonomous,autonomous
autonomy,autonomy
balance,balance
basic need,basic_need
belief,belief
believe in herself,believe_in_herself
believe in himself,believe_in_himself
believe in myself,believe_in_myself
believe in ourselves,believe_in_ourselves
believe in themself,believe_in_themself
believe in themselves,believe_in_themselves
believe in yourself,believe_in_yourself
belong,belong
bf,bf
boyfriend,boyfriend
brave,brave
brush herself off,brush_herself_off
brush himself off,brush_himself_off
brush myself off,brush_myself_off
brush ourselves off,brush_ourselves_off
brush themself off,brush_themself_off
brush themselves off,brush_themselves_off
brush yourself off,brush_yourself_off
buddhist,buddhist
calm down,calm_down
capable,capable
care,care
care plan,care_plan
carer,carer
catholic,catholic
challenge,challenge
chance,chance
change,change
change process,change_process
child,child
choice,choice
christian,christian
citizen,citizen
close,close
colleague,colleague
collectivist,collectivist
college,college
come off antipsychotic,come_off_antipsychotic
come off lithium,come_off_lithium
come off medication,come_off_medication
come to term,come_to_term
comfort zone,comfort_zone
community,community
competence,competence
competent,competent
compliance,compliance
confidence,confidence
conflict,conflict
connect,connect
connectedness,connectedness
contribute,contribute
control,control
cope,cope
cope skill,cope_skill
cope with,cope_with
counterbalance,counterbalance
courage,courage
craft,craft
crisis planning,crisis_planning
crucial,crucial
culture,culture
cure,cure
dad,dad
daddy,daddy
dance,dance
daughter,daughter
deal,deal
deal with,deal_with
decision,decision
degree,degree
develop,develop
develop strategy,develop_strategy
diet,diet
disclose,disclose
doctor,doctor
double - edged,double_-_edged
double edged,double_edged
doubleedged,doubleedged
dream,dream
dynamic process,dynamic_process
educate herself,educate_herself
educate himself,educate_himself
educate myself,educate_myself
educate ourselves,educate_ourselves
educate themself,educate_themself
educate themselves,educate_themselves
educate yourself,educate_yourself
education,education
employment,employment
empower,empower
empowerment,empowerment
engage,engage
enjoy,enjoy
ethnicity,ethnicity
exercise,exercise
faith,faith
family,family
father,father
feel good about herself,feel_good_about_herself
feel good about himself,feel_good_about_himself
feel good about myself,feel_good_about_myself
feel good about ourselves,feel_good_about_ourselves
feel good about themself,feel_good_about_themself
feel good about themselves,feel_good_about_themselves
feel good about yourself,feel_good_about_yourself
finance,finance
find balance,find_balance
find her own path,find_her_own_path
find her own recovery,find_her_own_recovery
find her own route,find_her_own_route
find her trigger,find_her_trigger
find his own path,find_his_own_path
find his own recovery,find_his_own_recovery
find his own route,find_his_own_route
find his trigger,find_his_trigger
find meaning,find_meaning
find my own path,find_my_own_path
find my own recovery,find_my_own_recovery
find my own route,find_my_own_route
find my trigger,find_my_trigger
find our own path,find_our_own_path
find our own recovery,find_our_own_recovery
find our own route,find_our_own_route
find our trigger,find_our_trigger
find something to hang on to,find_something_to_hang_on_to
find the proper balance,find_the_proper_balance
find the right approach,find_the_right_approach
find their own path,find_their_own_path
find their own recovery,find_their_own_recovery
find their own route,find_their_own_route
find their trigger,find_their_trigger
find trigger,find_trigger
find way of care,find_way_of_care
find way of live,find_way_of_live
find work,find_work
find your own path,find_your_own_path
find your own recovery,find_your_own_recovery
find your own route,find_your_own_route
find your trigger,find_your_trigger
follow through,follow_through
forgive herself,forgive_herself
forgive himself,forgive_himself
forgive myself,forgive_myself
forgive ourselves,forgive_ourselves
forgive themself,forgive_themself
forgive themselves,forgive_themselves
forgive yourself,forgive_yourself
forgiveness,forgiveness
friend,friend
friendship,friendship
fulfil,fulfil
garden,garden
gay,gay
get through,get_through
get well,get_well
gf,gf
girlfriend,girlfriend
give back,give_back
go through life,go_through_life
go through thing,go_through_thing
go to work,go_to_work
goal,goal
goal - set,goal_-_set
goal set,goal_set
goalset,goalset
god,god
good future,good_future
graduate,graduate
grandchild,grandchild
grandson,grandson
grateful,grateful
gratefulness,gratefulness
gratitude,gratitude
growth,growth
growth process,growth_process
guilt,guilt
guilty,guilty
handle ambivalence,handle_ambivalence
handle distress,handle_distress
heal,heal
healing process,healing_process
healthy,healthy
help,help
help herself,help_herself
help himself,help_himself
help myself,help_myself
help ourselves,help_ourselves
help themself,help_themself
help themselves,help_themselves
help yourself,help_yourself
helpful,helpful
high mood,high_mood
high power,high_power
hobby,hobby
homosexual,homosexual
hope,hope
hope - inspire,hope_-_inspire
hope inspire,hope_inspire
hopeful,hopeful
hopeinspire,hopeinspire
housing,housing
hubby,hubby
husband,husband
hypo - mania,hypo_-_mania
hypo - manic,hypo_-_manic
hypo mania,hypo_mania
hypo manic,hypo_manic
hypomania,hypomania
hypomanic,hypomanic
identity,identity
idiosyncratic process,idiosyncratic_process
improve,improve
include,include
inclusion,inclusion
independence,independence
independent,independent
individual process,individual_process
individualized process,individualized_process
insight,insight
interpersonal skill,interpersonal_skill
intersectional,intersectional
intimate,intimate
involve,involve
involvement,involvement
islamic,islamic
jewish,jewish
job,job
journey of recovery,journey_of_recovery
judge,judge
judgment,judgment
kid,kid
knowledgeable,knowledgeable
learn,learn
leisure,leisure
lesbian,lesbian
lgb,lgb
lgbt,lgbt
lgbtq,lgbtq
life,life
lifestyle,lifestyle
lifestyle change,lifestyle_change
limitation,limitation
little thing,little_thing
live,live
live experience,live_experience
live through,live_through
look on the bright side,look_on_the_bright_side
maintain health,maintain_health
make it through,make_it_through
make it up to herself,make_it_up_to_herself
make it up to himself,make_it_up_to_himself
make it up to myself,make_it_up_to_myself
make it up to ourselves,make_it_up_to_ourselves
make it up to themself,make_it_up_to_themself
make it up to themselves,make_it_up_to_themselves
make it up to yourself,make_it_up_to_yourself
manage,manage
mania,mania
manic,manic
marginalise,marginalise
marginalize,marginalize
marry,marry
mate,mate
mean,mean
mean a lot,mean_a_lot
meaningful,meaningful
meaningful activity,meaningful_activity
meaningful for I,meaningful_for_I
meaningful for he,meaningful_for_he
meaningful for she,meaningful_for_she
meaningful for they,meaningful_for_they
meaningful for we,meaningful_for_we
meaningful for you,meaningful_for_you
meaningful role,meaningful_role
meaningful task,meaningful_task
member,member
mental health association,mental_health_association
mental health awareness,mental_health_awareness
mental health center,mental_health_center
mental health counselor,mental_health_counselor
micro - manage,micro_-_manage
micro manage,micro_manage
micromanage,micromanage
mindful,mindful
minority,minority
miss,miss
mom,mom
money,money
monitor,monitor
mood chart,mood_chart
mood track,mood_track
mother,mother
motivation,motivation
move forward,move_forward
move on,move_on
mummy,mummy
negotiate,negotiate
neighbour,neighbour
nephew,nephew
niece,niece
normalise,normalise
normalize,normalize
occupation,occupation
offer,offer
ongoing process,ongoing_process
open,open
open up,open_up
opportunity,opportunity
optimism,optimism
optimistic,optimistic
option,option
own recovery,own_recovery
own technique,own_technique
parent,parent
partner,partner
past experience,past_experience
pay attention,pay_attention
pdoc,pdoc
peer,peer
perform,perform
persevere,persevere
personal,personal
personally,personally
personally meaningful,personally_meaningful
perspective,perspective
pick herself up,pick_herself_up
pick himself up,pick_himself_up
pick myself up,pick_myself_up
pick ourselves up,pick_ourselves_up
pick themself up,pick_themself_up
pick themselves up,pick_themselves_up
pick yourself up,pick_yourself_up
pivotal moment,pivotal_moment
pivotal step,pivotal_step
pivotal thing,pivotal_thing
positive,positive
positive change,positive_change
possibility,possibility
possible,possible
proactive,proactive
process of acceptance,process_of_acceptance
process of recovery,process_of_recovery
professional,professional
progess,progess
progress,progress
promotion,promotion
protestant,protestant
psychiatrist,psychiatrist
psychotherapist,psychotherapist
purpose,purpose
purposeful,purposeful
pursue,pursue
pursuit,pursuit
push forward,push_forward
pyhsical activity,pyhsical_activity
quality of life,quality_of_life
queer,queer
race,race
read,read
read up,read_up
realize,realize
reason to get up,reason_to_get_up
rebuild,rebuild
rebuild life,rebuild_life
recover,recover
recovery,recovery
recovery journey,recovery_journey
recovery process,recovery_process
recreation,recreation
recuperate,recuperate
redefine,redefine
relationship,relationship
relative,relative
relax,relax
religion,religion
religious,religious
remission,remission
resilience,resilience
resilient,resilient
resource,resource
resourceful,resourceful
responsibility,responsibility
responsible,responsible
reveal,reveal
risk,risk
role model,role_model
routine,routine
seek help,seek_help
self - acceptance,self_-_acceptance
self - aware,self_-_aware
self - awareness,self_-_awareness
self - belief,self_-_belief
self - care,self_-_care
self - confidence,self_-_confidence
self - confident,self_-_confident
self - control,self_-_control
self - educate,self_-_educate
self - education,self_-_education
self - efficacy,self_-_efficacy
self - esteem,self_-_esteem
self - help,self_-_help
self - manage,self_-_manage
self - management,self_-_management
self - stigma,self_-_stigma
self - worth,self_-_worth
self acceptance,self_acceptance
self aware,self_aware
self awareness,self_awareness
self belief,self_belief
self care,self_care
self confidence,self_confidence
self confident,self_confident
self control,self_control
self educate,self_educate
self education,self_education
self efficacy,self_efficacy
self esteem,self_esteem
self help,self_help
self manage,self_manage
self management,self_management
self stigma,self_stigma
self worth,self_worth
selfacceptance,selfacceptance
selfaware,selfaware
selfawareness,selfawareness
selfbelief,selfbelief
selfcare,selfcare
selfconfidence,selfconfidence
selfconfident,selfconfident
selfcontrol,selfcontrol
selfeducate,selfeducate
selfeducation,selfeducation
selfefficacy,selfefficacy
selfesteem,selfesteem
selfhelp,selfhelp
selfmanage,selfmanage
selfmanagement,selfmanagement
selfstigma,selfstigma
selfworth,selfworth
sense of humour,sense_of_humour
sense of self,sense_of_self
service user,service_user
sexual,sexual
sexuality,sexuality
shame,shame
share,share
share decision - make,share_decision_-_make
share decision make,share_decision_make
share decisionmake,share_decisionmake
shift,shift
sing,sing
skill,skill
sleep,sleep
small thing,small_thing
social,social
social activity,social_activity
social circle,social_circle
social event,social_event
social interaction,social_interaction
social role,social_role
social skill,social_skill
social success,social_success
socialise,socialise
socialize,socialize
society,society
son,son
spiritual,spiritual
spirituality,spirituality
spouse,spouse
stabilise,stabilise
stability,stability
stabilize,stabilize
stable,stable
stand on her own foot,stand_on_her_own_foot
stand on his own foot,stand_on_his_own_foot
stand on my own foot,stand_on_my_own_foot
stand on our own foot,stand_on_our_own_foot
stand on their own foot,stand_on_their_own_foot
stand on your own foot,stand_on_your_own_foot
step forward,step_forward
stigma,stigma
stigmatise,stigmatise
stigmatize,stigmatize
strength,strength
structure,structure
study,study
subjective process,subjective_process
success,success
support,support
support group,support_group
supportive,supportive
take a break,take_a_break
take back control,take_back_control
take break,take_break
take charge,take_charge
take control,take_control
take responsibility,take_responsibility
take risk,take_risk
target,target
task,task
tension,tension
therapist,therapist
through struggle,through_struggle
toolbox,toolbox
trans,trans
transform,transform
transformation,transformation
transgender,transgender
trauma,trauma
turn point,turn_point
two - sided,two_-_sided
two sided,two_sided
twosided,twosided
uncle,uncle
understand,understand
unique process,unique_process
validate herself,validate_herself
validate himself,validate_himself
validate myself,validate_myself
validate ourselves,validate_ourselves
validate themself,validate_themself
validate themselves,validate_themselves
validate yourself,validate_yourself
value,value
vigilant,vigilant
volunteer,volunteer
vulnerable,vulnerable
well,well
well - being,well_-_being
well be,well_be
well being,well_being
wellbee,wellbee
wellbeing,wellbeing
wellness,wellness
whole,whole
wife,wife
work,work
work out,work_out
work through,work_through
