term,variants
accept,accept
acceptance,acceptance
access to service,access to service
active,active
active process,active process
activity,activity
ambition,ambition
ambivalence,ambivalence
ambivalent,ambivalent
appreciate,appreciate
ashame,ashame
aspiration,aspiration
atheist,atheist
attentive,attentive
aunt,aunt
autonomous,autonomous
autonomy,autonomy
balance,balance
basic need,basic need
belief,belief
believe in yourself,"believe in myself, believe in yourself, believe in herself, believe in himself, believe in themself, believe in ourselves, believe in themselves"
belong,belong
bf,bf
boyfriend,boyfriend
brave,brave
brush yourself off,"brush myself off, brush yourself off, brush herself off, brush himself off, brush themself off, brush ourselves off, brush themselves off"
buddhist,buddhist
calm down,calm down
capable,capable
care,care
care plan,care plan
carer,carer
catholic,catholic
challenge,challenge
chance,chance
change,change
change process,change process
child,child
choice,choice
christian,christian
citizen,citizen
close,close
colleague,colleague
collectivist,collectivist
college,college
come off antipsychotic,come off antipsychotic
come off lithium,come off lithium
come off medication,come off medication
come to term,come to term
comfort zone,comfort zone
community,community
competence,competence
competent,competent
compliance,compliance
confidence,confidence
conflict,conflict
connect,connect
connectedness,connectedness
contribute,contribute
control,control
cope,cope
cope skill,cope skill
cope with,cope with
counterbalance,counterbalance
courage,courage
craft,craft
crisis planning,crisis planning
crucial,crucial
culture,culture
cure,cure
dad,dad
daddy,daddy
dance,dance
daughter,daughter
deal,deal
deal with,deal with
decision,decision
degree,degree
develop,develop
develop strategy,develop strategy
diet,diet
disclose,disclose
doctor,doctor
double-edged,"double-edged, double edged, doubleedged"
dream,dream
dynamic process,dynamic process
educate yourself,"educate myself, educate yourself, educate herself, educate himself, educate themself, educate ourselves, educate themselves"
education,education
employment,employment
empower,empower
empowerment,empowerment
engage,engage
enjoy,enjoy
ethnicity,ethnicity
exercise,exercise
faith,faith
family,family
father,father
feel good about yourself,"feel good about myself, feel good about yourself, feel good about herself, feel good about himself, feel good about themself, feel good about ourselves, feel good about themselves"
finance,finance
find balance,find balance
find meaning,find meaning
find something to hang on to,find something to hang on to
find the proper balance,find the proper balance
find the right approach,find the right approach
find trigger,find trigger
find way of care,find way of care
find way of live,find way of live
find work,find work
find your own path,"find my own path, find your own path, find her own path, find his own path, find our own path, find their own path"
find your own recovery,"find my own recovery, find your own recovery, find her own recovery, find his own recovery, find our own recovery, find their own recovery"
find your own route,"find my own route, find your own route, find her own route, find his own route, find our own route, find their own route"
find your trigger,"find my trigger, find your trigger, find her trigger, find his trigger, find our trigger, find their trigger"
follow through,follow through
forgive yourself,"forgive myself, forgive yourself, forgive herself, forgive himself, forgive themself, forgive ourselves, forgive themselves"
forgiveness,forgiveness
friend,friend
friendship,friendship
fulfil,fulfil
garden,garden
gay,gay
get through,get through
get well,get well
gf,gf
girlfriend,girlfriend
give back,give back
go through life,go through life
go through thing,go through thing
go to work,go to work
goal,goal
goal-set,"goal-set, goal set, goalset"
god,god
good future,good future
graduate,graduate
grandchild,grandchild
grandson,grandson
grateful,grateful
gratefulness,gratefulness
gratitude,gratitude
growth,growth
growth process,growth process
guilt,guilt
guilty,guilty
handle ambivalence,handle ambivalence
handle distress,handle distress
heal,heal
healing process,healing process
healthy,healthy
help,help
help yourself,"help myself, help yourself, help herself, help himself, help themself, help ourselves, help themselves"
helpful,helpful
high mood,high mood
high power,high power
hobby,hobby
homosexual,homosexual
hope,hope
hopeful,hopeful
hope-inspire,"hope-inspire, hope inspire, hopeinspire"
housing,housing
hubby,hubby
husband,husband
hypo-mania,"hypo-mania, hypo mania, hypomania, (hypo-)mania"
hypo-manic,"hypo-manic, hypomanic, hypo manic, (hypo-)manic"
identity,identity
idiosyncratic process,idiosyncratic process
improve,improve
include,include
inclusion,inclusion
independence,independence
independent,independent
individual process,individual process
individualized process,individualized process
insight,insight
interpersonal skill,interpersonal skill
intersectional,intersectional
intimate,intimate
involve,involve
involvement,involvement
islamic,islamic
jewish,jewish
job,job
journey of recovery,journey of recovery
judge,judge
judgment,judgment
kid,kid
knowledgeable,knowledgeable
learn,learn
leisure,leisure
lesbian,lesbian
lgb,lgb
lgbt,lgbt
lgbtq,lgbtq
life,life
lifestyle,lifestyle
lifestyle change,lifestyle change
limitation,limitation
little thing,little thing
live,live
live experience,live experience
live through,live through
look on the bright side,look on the bright side
maintain health,maintain health
make it through,make it through
make it up to yourself,"make it up to myself, make it up to yourself, make it up to herself, make it up to himself, make it up to themself, make it up to ourselves, make it up to themselves"
manage,manage
mania,mania
manic,manic
marginalise,"marginalise, marginalize"
marry,marry
mate,mate
mean,mean
mean a lot,mean a lot
meaningful,meaningful
meaningful activity,meaningful activity
meaningful for you,"meaningful for I, meaningful for you, meaningful for she, meaningful for he, meaningful for we, meaningful for they"
meaningful role,meaningful role
meaningful task,meaningful task
member,member
mental health association,mental health association
mental health awareness,mental health awareness
mental health center,mental health center
mental health counselor,mental health counselor
micro-manage,"micro-manage, micro manage, micromanage"
mindful,mindful
minority,minority
miss,miss
mom,mom
money,money
monitor,monitor
mood chart,mood chart
mood track,mood track
mother,mother
motivation,motivation
move forward,move forward
move on,move on
mummy,mummy
negotiate,negotiate
neighbour,neighbour
nephew,nephew
niece,niece
normalise,"normalise, normalize"
occupation,occupation
offer,offer
ongoing process,ongoing process
open,open
open up,open up
opportunity,opportunity
optimism,optimism
optimistic,optimistic
option,option
own recovery,own recovery
own technique,own technique
parent,parent
partner,partner
past experience,past experience
pay attention,pay attention
pdoc,pdoc
peer,peer
perform,perform
persevere,persevere
personal,personal
personally,personally
personally meaningful,personally meaningful
perspective,perspective
physical activity,physical activity
pick yourself up,"pick myself up, pick yourself up, pick herself up, pick himself up, pick themself up, pick ourselves up, pick themselves up"
pivotal moment,pivotal moment
pivotal step,pivotal step
pivotal thing,pivotal thing
positive,positive
positive change,positive change
possibility,possibility
possible,possible
proactive,proactive
process of acceptance,process of acceptance
process of recovery,process of recovery
professional,professional
progress,progress
promotion,promotion
protestant,protestant
psychiatrist,psychiatrist
psychotherapist,psychotherapist
purpose,purpose
purposeful,purposeful
pursue,pursue
pursuit,pursuit
push forward,push forward
quality of life,quality of life
queer,queer
race,race
read,read
read up,read up
realize,realize
reason to get up,reason to get up
rebuild,rebuild
rebuild life,rebuild life
recover,recover
recovery,recovery
recovery journey,recovery journey
recovery process,recovery process
recreation,recreation
recuperate,recuperate
redefine,redefine
relationship,relationship
relative,relative
relax,relax
religion,religion
religious,religious
remission,remission
resilience,resilience
resilient,resilient
resource,resource
resourceful,resourceful
responsibility,responsibility
responsible,responsible
reveal,reveal
risk,risk
role model,role model
routine,routine
seek help,seek help
self-acceptance,"self-acceptance, self acceptance, selfacceptance"
self-aware,"self-aware, self aware, selfaware"
self-awareness,"self-awareness, self awareness, selfawareness"
self-belief,"self-belief, self belief, selfbelief"
self-care,"self-care, self care, selfcare"
self-confidence,"self-confidence, self confidence, selfconfidence"
self-confident,"self-confident, self confident, selfconfident"
self-control,"self-control, self control, selfcontrol"
self-educate,"self-educate, self educate, selfeducate"
self-education,"self-education, self education, selfeducation"
self-efficacy,"self-efficacy, self efficacy, selfefficacy"
self-esteem,"self-esteem, self esteem, selfesteem"
self-help,"self-help, self help, selfhelp"
self-manage,"self-manage, self manage, selfmanage"
self-management,"self-management, self management, selfmanagement"
self-stigma,"self-stigma, self stigma, selfstigma"
self-worth,"self-worth, self worth, selfworth"
sense of humour,sense of humour
sense of self,sense of self
service user,service user
sexual,sexual
sexuality,sexuality
shame,shame
share,share
share decision-make,"share decision-make, share decision make, share decisionmake"
shift,shift
sing,sing
skill,skill
sleep,sleep
small thing,small thing
social,social
social activity,social activity
social circle,social circle
social event,social event
social interaction,social interaction
social role,social role
social skill,social skill
social success,social success
socialise,"socialise, socialize"
society,society
son,son
spiritual,spiritual
spirituality,spirituality
spouse,spouse
stabilise,"stabilise, stabilize"
stability,stability
stable,stable
stand on your own foot,"stand on my own foot, stand on your own foot, stand on her own foot, stand on his own foot, stand on our own foot, stand on their own foot"
step forward,step forward
stigma,stigma
stigmatise,"stigmatise, stigmatize"
strength,strength
structure,structure
study,study
subjective process,subjective process
success,success
support,support
support group,support group
supportive,supportive
take a break,take a break
take back control,take back control
take break,take break
take charge,take charge
take control,take control
take responsibility,take responsibility
take risk,take risk
target,target
task,task
tension,tension
therapist,therapist
through struggle,through struggle
toolbox,toolbox
trans,trans
transform,transform
transformation,transformation
transgender,transgender
trauma,trauma
turn point,turn point
two-sided,"two-sided, two sided, twosided"
uncle,uncle
understand,understand
unique process,unique process
validate yourself,"validate myself, validate yourself, validate herself, validate himself, validate themself, validate ourselves, validate themselves"
value,value
vigilant,vigilant
volunteer,volunteer
vulnerable,vulnerable
well,well
well-being,"well-being, well be, wellbee, well being, wellbeing"
wellness,wellness
whole,whole
wife,wife
work,work
work out,work out
work through,work through
